SQL> SPOOL
currently spooling to p4.lst
SQL> SELECT CD, D
  2  FROM DEPARTAMENTO;

        CD D                                                                                                                                          
---------- ------------------------------------------------------------                                                                               
         1 ANALISIS MATEMATICO                                                                                                                        
         2 ASTROFISICA                                                                                                                                
         3 ESTADISTICA, INVESTIGACION OPERATIVA Y COMPUTACION                                                                                         
         4 MATEMATICA FUNDAMENTAL                                                                                                                     

SQL> SELECT *
  2  FROM AREA;

       CAR AR                                                                   CD                                                                    
---------- ------------------------------------------------------------ ----------                                                                    
         2 ANALISIS MATEMATICO                                                   1                                                                    
         3 ASTRONOMIA Y ASTROFISICA                                              2                                                                    
         4 CIENCIAS DE LA COMPUTACION E INTELIGENCIA ARTIFICIAL                  3                                                                    
         5 DIDACTICA DE LA MATEMATICA                                            1                                                                    
         6 ESTADISTICA E INVESTIGACION OPERATIVA                                 3                                                                    
         7 LENGUAJES Y SISTEMAS INFORMATICOS                                     3                                                                    
         8 MATEMATICA APLICADA                                                   1                                                                    
         1 ALGEBRA                                                               4                                                                    

8 rows selected.

SQL> SELECT DNI
  2  FROM PROFESOR;

       DNI                                                                                                                                            
----------                                                                                                                                            
      1010                                                                                                                                            
      1111                                                                                                                                            
      2020                                                                                                                                            
      2222                                                                                                                                            
      3030                                                                                                                                            
      3333                                                                                                                                            
      4040                                                                                                                                            
      4444                                                                                                                                            
      5050                                                                                                                                            
      5555                                                                                                                                            
      6666                                                                                                                                            

       DNI                                                                                                                                            
----------                                                                                                                                            
      7777                                                                                                                                            
      8888                                                                                                                                            
      9999                                                                                                                                            

14 rows selected.

SQL> SELECT *
  2  FROM PROFESOR;

       DNI P                                                                   CAR CAT                                                                
---------- ------------------------------------------------------------ ---------- -----                                                              
      4040 CARMELO                                                               7 TU                                                                 
      5050 CARINA                                                                8 CEU                                                                
      1111 JUAN                                                                  6 CU                                                                 
      2222 CARLOS                                                                7 TU                                                                 
      3333 PEDRO                                                                 4 TEU                                                                
      4444 MARIA                                                                 7 TU                                                                 
      5555 IVAN                                                                  1 CEU                                                                
      6666 CARMEN                                                                3 CD                                                                 
      7777 MARIO                                                                 2 TU                                                                 
      8888 FRANCISCO                                                             5 TU                                                                 
      9999 ANGELA                                                                8 TEU                                                                

       DNI P                                                                   CAR CAT                                                                
---------- ------------------------------------------------------------ ---------- -----                                                              
      1010 DAVID                                                                 4 TU                                                                 
      2020 SOLEDAD                                                               7 CU                                                                 
      3030 JOSE MANUEL                                                           6 TEU                                                                

14 rows selected.

SQL> SELECT P, DNI, CAT, CAR
  2  FROM PROFESOR;

P                                                                   DNI CAT          CAR                                                              
------------------------------------------------------------ ---------- ----- ----------                                                              
CARMELO                                                            4040 TU             7                                                              
CARINA                                                             5050 CEU            8                                                              
JUAN                                                               1111 CU             6                                                              
CARLOS                                                             2222 TU             7                                                              
PEDRO                                                              3333 TEU            4                                                              
MARIA                                                              4444 TU             7                                                              
IVAN                                                               5555 CEU            1                                                              
CARMEN                                                             6666 CD             3                                                              
MARIO                                                              7777 TU             2                                                              
FRANCISCO                                                          8888 TU             5                                                              
ANGELA                                                             9999 TEU            8                                                              

P                                                                   DNI CAT          CAR                                                              
------------------------------------------------------------ ---------- ----- ----------                                                              
DAVID                                                              1010 TU             4                                                              
SOLEDAD                                                            2020 CU             7                                                              
JOSE MANUEL                                                        3030 TEU            6                                                              

14 rows selected.

SQL> SELECT P AS PROFESOR, DNI AS DNI, CAT AS CATEGORIA, CAR AS CODIGO
  2  FROM PROFESOR;

PROFESOR                                                            DNI CATEG     CODIGO                                                              
------------------------------------------------------------ ---------- ----- ----------                                                              
CARMELO                                                            4040 TU             7                                                              
CARINA                                                             5050 CEU            8                                                              
JUAN                                                               1111 CU             6                                                              
CARLOS                                                             2222 TU             7                                                              
PEDRO                                                              3333 TEU            4                                                              
MARIA                                                              4444 TU             7                                                              
IVAN                                                               5555 CEU            1                                                              
CARMEN                                                             6666 CD             3                                                              
MARIO                                                              7777 TU             2                                                              
FRANCISCO                                                          8888 TU             5                                                              
ANGELA                                                             9999 TEU            8                                                              

PROFESOR                                                            DNI CATEG     CODIGO                                                              
------------------------------------------------------------ ---------- ----- ----------                                                              
DAVID                                                              1010 TU             4                                                              
SOLEDAD                                                            2020 CU             7                                                              
JOSE MANUEL                                                        3030 TEU            6                                                              

14 rows selected.

SQL> SELECT *
  2  FROM ASIGNATURA;

       CAS A                                                  T           CUR        CAR         CT         CP         CL                             
---------- -------------------------------------------------- ---- ---------- ---------- ---------- ---------- ----------                             
         1 BASE DE DATOS                                      GII           3          7          3        1.5        1.5                             
         2 INTELIGENCIA ARTIFICIAL                            GII           3          4        1.5        1.5          3                             
         3 ALMACENES DE DATOS                                 MII           1          7        1.5          0        1.5                             
         4 MINERIA DE DATOS                                   MII           1          7        1.5          0        1.5                             
         5 INFORMATICA BASICA                                 GII           1          7          3        1.5        1.5                             
         6 ALGEBRA                                            GII           1          1          3          3          0                             
         7 CALCULO                                            GII           1          8          3          3          0                             
         8 OPTIMIZACION                                       GII           1          6          3        1.5        1.5                             
         9 GESTION DE RIESGOS                                 GII           3          4          3          0          3                             
        10 ASTRONOMIA                                         GF            2          3          3        1.5        1.5                             
        11 ENSENANZA DE LA MATEMATICA                         GM            2          5          6          0          0                             

       CAS A                                                  T           CUR        CAR         CT         CP         CL                             
---------- -------------------------------------------------- ---- ---------- ---------- ---------- ---------- ----------                             
        12 ANALISIS COMPLEJO                                  GM            4          2        4.5          3          0                             

12 rows selected.

SQL> set lines 100;
SQL> SELECT * FROM ASIGNATURA
  2  ;

       CAS A                                                  T           CUR        CAR         CT 
---------- -------------------------------------------------- ---- ---------- ---------- ---------- 
        CP         CL                                                                               
---------- ----------                                                                               
         1 BASE DE DATOS                                      GII           3          7          3 
       1.5        1.5                                                                               
                                                                                                    
         2 INTELIGENCIA ARTIFICIAL                            GII           3          4        1.5 
       1.5          3                                                                               
                                                                                                    
         3 ALMACENES DE DATOS                                 MII           1          7        1.5 
         0        1.5                                                                               
                                                                                                    

       CAS A                                                  T           CUR        CAR         CT 
---------- -------------------------------------------------- ---- ---------- ---------- ---------- 
        CP         CL                                                                               
---------- ----------                                                                               
         4 MINERIA DE DATOS                                   MII           1          7        1.5 
         0        1.5                                                                               
                                                                                                    
         5 INFORMATICA BASICA                                 GII           1          7          3 
       1.5        1.5                                                                               
                                                                                                    
         6 ALGEBRA                                            GII           1          1          3 
         3          0                                                                               
                                                                                                    

       CAS A                                                  T           CUR        CAR         CT 
---------- -------------------------------------------------- ---- ---------- ---------- ---------- 
        CP         CL                                                                               
---------- ----------                                                                               
         7 CALCULO                                            GII           1          8          3 
         3          0                                                                               
                                                                                                    
         8 OPTIMIZACION                                       GII           1          6          3 
       1.5        1.5                                                                               
                                                                                                    
         9 GESTION DE RIESGOS                                 GII           3          4          3 
         0          3                                                                               
                                                                                                    

       CAS A                                                  T           CUR        CAR         CT 
---------- -------------------------------------------------- ---- ---------- ---------- ---------- 
        CP         CL                                                                               
---------- ----------                                                                               
        10 ASTRONOMIA                                         GF            2          3          3 
       1.5        1.5                                                                               
                                                                                                    
        11 ENSENANZA DE LA MATEMATICA                         GM            2          5          6 
         0          0                                                                               
                                                                                                    
        12 ANALISIS COMPLEJO                                  GM            4          2        4.5 
         3          0                                                                               
                                                                                                    

12 rows selected.

SQL> set lines 200;
SQL> SELECT * FROM ASIGNATURA;

       CAS A                                                  T           CUR        CAR         CT         CP         CL                                                                               
---------- -------------------------------------------------- ---- ---------- ---------- ---------- ---------- ----------                                                                               
         1 BASE DE DATOS                                      GII           3          7          3        1.5        1.5                                                                               
         2 INTELIGENCIA ARTIFICIAL                            GII           3          4        1.5        1.5          3                                                                               
         3 ALMACENES DE DATOS                                 MII           1          7        1.5          0        1.5                                                                               
         4 MINERIA DE DATOS                                   MII           1          7        1.5          0        1.5                                                                               
         5 INFORMATICA BASICA                                 GII           1          7          3        1.5        1.5                                                                               
         6 ALGEBRA                                            GII           1          1          3          3          0                                                                               
         7 CALCULO                                            GII           1          8          3          3          0                                                                               
         8 OPTIMIZACION                                       GII           1          6          3        1.5        1.5                                                                               
         9 GESTION DE RIESGOS                                 GII           3          4          3          0          3                                                                               
        10 ASTRONOMIA                                         GF            2          3          3        1.5        1.5                                                                               
        11 ENSENANZA DE LA MATEMATICA                         GM            2          5          6          0          0                                                                               

       CAS A                                                  T           CUR        CAR         CT         CP         CL                                                                               
---------- -------------------------------------------------- ---- ---------- ---------- ---------- ---------- ----------                                                                               
        12 ANALISIS COMPLEJO                                  GM            4          2        4.5          3          0                                                                               

12 rows selected.

SQL> SELECT * FROM ASIGNATURA WHERE T = 'GII';

       CAS A                                                  T           CUR        CAR         CT         CP         CL                                                                               
---------- -------------------------------------------------- ---- ---------- ---------- ---------- ---------- ----------                                                                               
         1 BASE DE DATOS                                      GII           3          7          3        1.5        1.5                                                                               
         2 INTELIGENCIA ARTIFICIAL                            GII           3          4        1.5        1.5          3                                                                               
         5 INFORMATICA BASICA                                 GII           1          7          3        1.5        1.5                                                                               
         6 ALGEBRA                                            GII           1          1          3          3          0                                                                               
         7 CALCULO                                            GII           1          8          3          3          0                                                                               
         8 OPTIMIZACION                                       GII           1          6          3        1.5        1.5                                                                               
         9 GESTION DE RIESGOS                                 GII           3          4          3          0          3                                                                               

7 rows selected.

SQL> set lines 200;
SQL> SELECT * FROM ASIGNATURA WHERE T = 'GII';

       CAS A                                                  T           CUR        CAR         CT         CP         CL                                                                               
---------- -------------------------------------------------- ---- ---------- ---------- ---------- ---------- ----------                                                                               
         1 BASE DE DATOS                                      GII           3          7          3        1.5        1.5                                                                               
         2 INTELIGENCIA ARTIFICIAL                            GII           3          4        1.5        1.5          3                                                                               
         5 INFORMATICA BASICA                                 GII           1          7          3        1.5        1.5                                                                               
         6 ALGEBRA                                            GII           1          1          3          3          0                                                                               
         7 CALCULO                                            GII           1          8          3          3          0                                                                               
         8 OPTIMIZACION                                       GII           1          6          3        1.5        1.5                                                                               
         9 GESTION DE RIESGOS                                 GII           3          4          3          0          3                                                                               

7 rows selected.

SQL> SELECT DNI FROM PROFESOR WHERE CAR = 7;

       DNI                                                                                                                                                                                              
----------                                                                                                                                                                                              
      4040                                                                                                                                                                                              
      2222                                                                                                                                                                                              
      4444                                                                                                                                                                                              
      2020                                                                                                                                                                                              

SQL> SELECT DISTINCT FROM PROFESOR WHERE CAR = 7;
SELECT DISTINCT FROM PROFESOR WHERE CAR = 7
                *
ERROR at line 1:
ORA-00936: missing expression 


SQL> SELECT DISTINCT P FROM PROFESOR WHERE CAR = 7;

P                                                                                                                                                                                                       
------------------------------------------------------------                                                                                                                                            
CARMELO                                                                                                                                                                                                 
SOLEDAD                                                                                                                                                                                                 
CARLOS                                                                                                                                                                                                  
MARIA                                                                                                                                                                                                   

SQL> SELECT A FROM ASIGNATURA WHERE CAS >=7;

A                                                                                                                                                                                                       
--------------------------------------------------                                                                                                                                                      
CALCULO                                                                                                                                                                                                 
OPTIMIZACION                                                                                                                                                                                            
GESTION DE RIESGOS                                                                                                                                                                                      
ASTRONOMIA                                                                                                                                                                                              
ENSENANZA DE LA MATEMATICA                                                                                                                                                                              
ANALISIS COMPLEJO                                                                                                                                                                                       

6 rows selected.

SQL> SELECT A FROM ASIGNATURA WHERE CAS > 7;

A                                                                                                                                                                                                       
--------------------------------------------------                                                                                                                                                      
OPTIMIZACION                                                                                                                                                                                            
GESTION DE RIESGOS                                                                                                                                                                                      
ASTRONOMIA                                                                                                                                                                                              
ENSENANZA DE LA MATEMATICA                                                                                                                                                                              
ANALISIS COMPLEJO                                                                                                                                                                                       

SQL> SELECT CAS FROM ASIGNATURA WHERE A LIKE 'ALMACENES DE DATOS';

       CAS                                                                                                                                                                                              
----------                                                                                                                                                                                              
         3                                                                                                                                                                                              

SQL> SELECT A FROM ASIGNATURA WHERE CAS <> 8;

A                                                                                                                                                                                                       
--------------------------------------------------                                                                                                                                                      
BASE DE DATOS                                                                                                                                                                                           
INTELIGENCIA ARTIFICIAL                                                                                                                                                                                 
ALMACENES DE DATOS                                                                                                                                                                                      
MINERIA DE DATOS                                                                                                                                                                                        
INFORMATICA BASICA                                                                                                                                                                                      
ALGEBRA                                                                                                                                                                                                 
CALCULO                                                                                                                                                                                                 
GESTION DE RIESGOS                                                                                                                                                                                      
ASTRONOMIA                                                                                                                                                                                              
ENSENANZA DE LA MATEMATICA                                                                                                                                                                              
ANALISIS COMPLEJO                                                                                                                                                                                       

11 rows selected.

SQL> SELECT A FROM ASIGNATURA WHERE CAS NOT IN (8,11);

A                                                                                                                                                                                                       
--------------------------------------------------                                                                                                                                                      
BASE DE DATOS                                                                                                                                                                                           
INTELIGENCIA ARTIFICIAL                                                                                                                                                                                 
ALMACENES DE DATOS                                                                                                                                                                                      
MINERIA DE DATOS                                                                                                                                                                                        
INFORMATICA BASICA                                                                                                                                                                                      
ALGEBRA                                                                                                                                                                                                 
CALCULO                                                                                                                                                                                                 
GESTION DE RIESGOS                                                                                                                                                                                      
ASTRONOMIA                                                                                                                                                                                              
ANALISIS COMPLEJO                                                                                                                                                                                       

10 rows selected.

SQL> SELECT CAS FROM PLAN_DOCENTE WHERE DNI =3333;

       CAS                                                                                                                                                                                              
----------                                                                                                                                                                                              
         2                                                                                                                                                                                              
         9                                                                                                                                                                                              

SQL> SELECT CD FROM DEPARTAMENTO WHERE D LIKE 'ASTROFISICA';

        CD                                                                                                                                                                                              
----------                                                                                                                                                                                              
         2                                                                                                                                                                                              

SQL> SELECT DNI FROM PLAN_DOCENTE WHERE FI = '01-SEP-09';

       DNI                                                                                                                                                                                              
----------                                                                                                                                                                                              
      1010                                                                                                                                                                                              
      1111                                                                                                                                                                                              
      2222                                                                                                                                                                                              
      3030                                                                                                                                                                                              
      3333                                                                                                                                                                                              
      8888                                                                                                                                                                                              

6 rows selected.

SQL> SELECT DNI FROM PLAN_DOCENTE WHERE FI < '01-JAN-09';

       DNI                                                                                                                                                                                              
----------                                                                                                                                                                                              
      1010                                                                                                                                                                                              
      1010                                                                                                                                                                                              
      1111                                                                                                                                                                                              
      2020                                                                                                                                                                                              
      2222                                                                                                                                                                                              
      3333                                                                                                                                                                                              
      6666                                                                                                                                                                                              

7 rows selected.

SQL> SELECT A FROM ASIGNATURA WHERE CAR IN (3,5,8);

A                                                                                                                                                                                                       
--------------------------------------------------                                                                                                                                                      
CALCULO                                                                                                                                                                                                 
ASTRONOMIA                                                                                                                                                                                              
ENSENANZA DE LA MATEMATICA                                                                                                                                                                              

SQL> SELECT A FROM ASIGNATURA WHERE CAR NOT IN (3,5,8);

A                                                                                                                                                                                                       
--------------------------------------------------                                                                                                                                                      
BASE DE DATOS                                                                                                                                                                                           
INTELIGENCIA ARTIFICIAL                                                                                                                                                                                 
ALMACENES DE DATOS                                                                                                                                                                                      
MINERIA DE DATOS                                                                                                                                                                                        
INFORMATICA BASICA                                                                                                                                                                                      
ALGEBRA                                                                                                                                                                                                 
OPTIMIZACION                                                                                                                                                                                            
GESTION DE RIESGOS                                                                                                                                                                                      
ANALISIS COMPLEJO                                                                                                                                                                                       

9 rows selected.

SQL> SELECT P FROM PROFESOR WHERE DNI BETWEEN 3000 AND 7000;

P                                                                                                                                                                                                       
------------------------------------------------------------                                                                                                                                            
CARMELO                                                                                                                                                                                                 
CARINA                                                                                                                                                                                                  
PEDRO                                                                                                                                                                                                   
MARIA                                                                                                                                                                                                   
IVAN                                                                                                                                                                                                    
CARMEN                                                                                                                                                                                                  
JOSE MANUEL                                                                                                                                                                                             

7 rows selected.

SQL> SELECT P FROM PROFESOR WHERE DNI < 3000 OR DNI > 7000;

P                                                                                                                                                                                                       
------------------------------------------------------------                                                                                                                                            
JUAN                                                                                                                                                                                                    
CARLOS                                                                                                                                                                                                  
MARIO                                                                                                                                                                                                   
FRANCISCO                                                                                                                                                                                               
ANGELA                                                                                                                                                                                                  
DAVID                                                                                                                                                                                                   
SOLEDAD                                                                                                                                                                                                 

7 rows selected.

SQL> SELECT CAS FROM PLAN_DOCENTE
  2  WHERE DNI = 1111 AND FF IS NULL;

       CAS                                                                                                                                                                                              
----------                                                                                                                                                                                              
         8                                                                                                                                                                                              

SQL> SELECT (CP+CT+CL) AS TOTAL FROM ASIGNATURA;

     TOTAL                                                                                                                                                                                              
----------                                                                                                                                                                                              
         6                                                                                                                                                                                              
         6                                                                                                                                                                                              
         3                                                                                                                                                                                              
         3                                                                                                                                                                                              
         6                                                                                                                                                                                              
         6                                                                                                                                                                                              
         6                                                                                                                                                                                              
         6                                                                                                                                                                                              
         6                                                                                                                                                                                              
         6                                                                                                                                                                                              
         6                                                                                                                                                                                              

     TOTAL                                                                                                                                                                                              
----------                                                                                                                                                                                              
       7.5                                                                                                                                                                                              

12 rows selected.

SQL> SPOOL OFF
